area_code,area_name,area_role,metric_id,year,value,unit,source_id,source_name,source_publisher,source_url,retrieved_at,raw_sha256,geography_used,method,flag,flag_note
E04012474,Cholsey,subject,electricity,2024,3682.271410334187,kWh/meter/year,desnz_lsoa_energy,Sub-national electricity and gas consumption (LSOA/MSOA),DESNZ,https://www.gov.uk/government/statistics/lower-and-middle-super-output-areas-electricity-consumption,2026-09-30T14:20:08.465071+00:00,411f964b8a718f9e1c00a673a8da696c95cbaaeb006ba76e092b1aabe467182e,"3 LSOAs (address-weighted): E01028619 (100.0%), E01035751 (100.0%), E01035752 (58.3%)",address_weighted,parish_estimate,"Address-weighted sum across 3 LSOAs (P1.5 NSUL address-count weights). At least one contributing LSOA is only partly in the parish, so that LSOA's meters/consumption are apportioned assuming its addresses inside and outside the parish consume similarly on average -- an estimate for that portion, not a direct measurement."
E04012496,Wallingford,comparator,electricity,2024,3149.8497201770415,kWh/meter/year,desnz_lsoa_energy,Sub-national electricity and gas consumption (LSOA/MSOA),DESNZ,https://www.gov.uk/government/statistics/lower-and-middle-super-output-areas-electricity-consumption,2026-09-30T14:20:08.465071+00:00,411f964b8a718f9e1c00a673a8da696c95cbaaeb006ba76e092b1aabe467182e,"6 LSOAs (area-weighted): E01028608 (6.4%), E01028617 (14.7%), E01028674 (92.0%), E01028675 (99.6%), E01028676 (100.0%), E01028677 (99.8%)",area_weighted,parish_estimate,"Area-weighted sum across 6 LSOAs (polygon intersection, not NSUL address counts -- comparator-level address weights aren't built yet, see STATUS.md backlog). Assumes addresses are evenly distributed across each contributing LSOA's area, which can differ from the real address-count share."
E04008148,Moulsford,comparator,electricity,2024,4299.789863096769,kWh/meter/year,desnz_lsoa_energy,Sub-national electricity and gas consumption (LSOA/MSOA),DESNZ,https://www.gov.uk/government/statistics/lower-and-middle-super-output-areas-electricity-consumption,2026-09-30T14:20:08.465071+00:00,411f964b8a718f9e1c00a673a8da696c95cbaaeb006ba76e092b1aabe467182e,1 LSOAs (address-weighted): E01035752 (41.7%),address_weighted,parish_estimate,"Address-weighted sum across 1 LSOAs (P1.5 NSUL address-count weights). At least one contributing LSOA is only partly in the parish, so that LSOA's meters/consumption are apportioned assuming its addresses inside and outside the parish consume similarly on average -- an estimate for that portion, not a direct measurement."
E04008163,South Stoke,comparator,electricity,2024,4666.499321772326,kWh/meter/year,desnz_lsoa_energy,Sub-national electricity and gas consumption (LSOA/MSOA),DESNZ,https://www.gov.uk/government/statistics/lower-and-middle-super-output-areas-electricity-consumption,2026-09-30T14:20:08.465071+00:00,411f964b8a718f9e1c00a673a8da696c95cbaaeb006ba76e092b1aabe467182e,"2 LSOAs (area-weighted): E01028644 (81.3%), E01028686 (0.2%)",area_weighted,parish_estimate,"Area-weighted sum across 2 LSOAs (polygon intersection, not NSUL address counts -- comparator-level address weights aren't built yet, see STATUS.md backlog). Assumes addresses are evenly distributed across each contributing LSOA's area, which can differ from the real address-count share."
E04012473,Brightwell-cum-Sotwell,comparator,electricity,2024,4060.1816897983654,kWh/meter/year,desnz_lsoa_energy,Sub-national electricity and gas consumption (LSOA/MSOA),DESNZ,https://www.gov.uk/government/statistics/lower-and-middle-super-output-areas-electricity-consumption,2026-09-30T14:20:08.465071+00:00,411f964b8a718f9e1c00a673a8da696c95cbaaeb006ba76e092b1aabe467182e,"5 LSOAs (area-weighted): E01028607 (44.3%), E01028608 (93.6%), E01028674 (2.1%), E01028675 (0.4%), E01028677 (0.1%)",area_weighted,parish_estimate,"Area-weighted sum across 5 LSOAs (polygon intersection, not NSUL address counts -- comparator-level address weights aren't built yet, see STATUS.md backlog). Assumes addresses are evenly distributed across each contributing LSOA's area, which can differ from the real address-count share."
E04008102,Aston Tirrold,comparator,electricity,2024,5594.521557905864,kWh/meter/year,desnz_lsoa_energy,Sub-national electricity and gas consumption (LSOA/MSOA),DESNZ,https://www.gov.uk/government/statistics/lower-and-middle-super-output-areas-electricity-consumption,2026-09-30T14:20:08.465071+00:00,411f964b8a718f9e1c00a673a8da696c95cbaaeb006ba76e092b1aabe467182e,1 LSOAs (area-weighted): E01028649 (31.7%),area_weighted,parish_estimate,"Area-weighted sum across 1 LSOAs (polygon intersection, not NSUL address counts -- comparator-level address weights aren't built yet, see STATUS.md backlog). Assumes addresses are evenly distributed across each contributing LSOA's area, which can differ from the real address-count share."
E04001147,Aldworth,comparator,electricity,2024,6361.801718347021,kWh/meter/year,desnz_lsoa_energy,Sub-national electricity and gas consumption (LSOA/MSOA),DESNZ,https://www.gov.uk/government/statistics/lower-and-middle-super-output-areas-electricity-consumption,2026-09-30T14:20:08.465071+00:00,411f964b8a718f9e1c00a673a8da696c95cbaaeb006ba76e092b1aabe467182e,1 LSOAs (area-weighted): E01016257 (40.8%),area_weighted,parish_estimate,"Area-weighted sum across 1 LSOAs (polygon intersection, not NSUL address counts -- comparator-level address weights aren't built yet, see STATUS.md backlog). Assumes addresses are evenly distributed across each contributing LSOA's area, which can differ from the real address-count share."
E04008118,Crowmarsh,comparator,electricity,2024,4090.7959533036415,kWh/meter/year,desnz_lsoa_energy,Sub-national electricity and gas consumption (LSOA/MSOA),DESNZ,https://www.gov.uk/government/statistics/lower-and-middle-super-output-areas-electricity-consumption,2026-09-30T14:20:08.465071+00:00,411f964b8a718f9e1c00a673a8da696c95cbaaeb006ba76e092b1aabe467182e,"3 LSOAs (area-weighted): E01028677 (0.1%), E01035747 (100.0%), E01035748 (29.2%)",area_weighted,parish_estimate,"Area-weighted sum across 3 LSOAs (polygon intersection, not NSUL address counts -- comparator-level address weights aren't built yet, see STATUS.md backlog). Assumes addresses are evenly distributed across each contributing LSOA's area, which can differ from the real address-count share."
E04012494,South Moreton,comparator,electricity,2024,5546.297427816147,kWh/meter/year,desnz_lsoa_energy,Sub-national electricity and gas consumption (LSOA/MSOA),DESNZ,https://www.gov.uk/government/statistics/lower-and-middle-super-output-areas-electricity-consumption,2026-09-30T14:20:08.465071+00:00,411f964b8a718f9e1c00a673a8da696c95cbaaeb006ba76e092b1aabe467182e,"2 LSOAs (area-weighted): E01028628 (0.2%), E01028649 (20.4%)",area_weighted,parish_estimate,"Area-weighted sum across 2 LSOAs (polygon intersection, not NSUL address counts -- comparator-level address weights aren't built yet, see STATUS.md backlog). Assumes addresses are evenly distributed across each contributing LSOA's area, which can differ from the real address-count share."
E92000001,England,national,electricity,2024,3352.8414913074803,kWh/meter/year,desnz_regional_la_energy,Regional and local authority electricity/gas consumption statistics,DESNZ,https://www.gov.uk/government/statistics/regional-and-local-authority-electricity-consumption-statistics,2026-09-30T16:19:30.739250+00:00,9d40814a23f87b2b028dd39da05b47d0e67e843473ec6ec4a8a0f93167666429,DESNZ regional/local authority release (England),direct,none,
E07000179,South Oxfordshire,district,electricity,2024,4183.54673409269,kWh/meter/year,desnz_regional_la_energy,Regional and local authority electricity/gas consumption statistics,DESNZ,https://www.gov.uk/government/statistics/regional-and-local-authority-electricity-consumption-statistics,2026-09-30T16:19:30.739250+00:00,9d40814a23f87b2b028dd39da05b47d0e67e843473ec6ec4a8a0f93167666429,DESNZ regional/local authority release (South Oxfordshire),direct,none,
E04012474,Cholsey,subject,gas,2024,11000.805698360531,kWh/meter/year,desnz_lsoa_energy,Sub-national electricity and gas consumption (LSOA/MSOA),DESNZ,https://www.gov.uk/government/statistics/lower-and-middle-super-output-areas-electricity-consumption,2026-09-30T14:20:21.695011+00:00,c62e162260c5d4cd08ebfc3f21aa7275520887e3d5a357d48b7bb0cd622b776e,"3 LSOAs (address-weighted): E01028619 (100.0%), E01035751 (100.0%), E01035752 (58.3%)",address_weighted,parish_estimate,"Address-weighted sum across 3 LSOAs (P1.5 NSUL address-count weights). At least one contributing LSOA is only partly in the parish, so that LSOA's meters/consumption are apportioned assuming its addresses inside and outside the parish consume similarly on average -- an estimate for that portion, not a direct measurement."
E04012496,Wallingford,comparator,gas,2024,10510.513820042763,kWh/meter/year,desnz_lsoa_energy,Sub-national electricity and gas consumption (LSOA/MSOA),DESNZ,https://www.gov.uk/government/statistics/lower-and-middle-super-output-areas-electricity-consumption,2026-09-30T14:20:21.695011+00:00,c62e162260c5d4cd08ebfc3f21aa7275520887e3d5a357d48b7bb0cd622b776e,"6 LSOAs (area-weighted): E01028608 (6.4%), E01028617 (14.7%), E01028674 (92.0%), E01028675 (99.6%), E01028676 (100.0%), E01028677 (99.8%)",area_weighted,parish_estimate,"Area-weighted sum across 6 LSOAs (polygon intersection, not NSUL address counts -- comparator-level address weights aren't built yet, see STATUS.md backlog). Assumes addresses are evenly distributed across each contributing LSOA's area, which can differ from the real address-count share."
E04008148,Moulsford,comparator,gas,2024,12283.336480031921,kWh/meter/year,desnz_lsoa_energy,Sub-national electricity and gas consumption (LSOA/MSOA),DESNZ,https://www.gov.uk/government/statistics/lower-and-middle-super-output-areas-electricity-consumption,2026-09-30T14:20:21.695011+00:00,c62e162260c5d4cd08ebfc3f21aa7275520887e3d5a357d48b7bb0cd622b776e,1 LSOAs (address-weighted): E01035752 (41.7%),address_weighted,parish_estimate,"Address-weighted sum across 1 LSOAs (P1.5 NSUL address-count weights). At least one contributing LSOA is only partly in the parish, so that LSOA's meters/consumption are apportioned assuming its addresses inside and outside the parish consume similarly on average -- an estimate for that portion, not a direct measurement."
E04008163,South Stoke,comparator,gas,2024,14049.7452269939,kWh/meter/year,desnz_lsoa_energy,Sub-national electricity and gas consumption (LSOA/MSOA),DESNZ,https://www.gov.uk/government/statistics/lower-and-middle-super-output-areas-electricity-consumption,2026-09-30T14:20:21.695011+00:00,c62e162260c5d4cd08ebfc3f21aa7275520887e3d5a357d48b7bb0cd622b776e,"2 LSOAs (area-weighted): E01028644 (81.3%), E01028686 (0.2%)",area_weighted,parish_estimate,"Area-weighted sum across 2 LSOAs (polygon intersection, not NSUL address counts -- comparator-level address weights aren't built yet, see STATUS.md backlog). Assumes addresses are evenly distributed across each contributing LSOA's area, which can differ from the real address-count share."
E04012473,Brightwell-cum-Sotwell,comparator,gas,2024,13455.686284702906,kWh/meter/year,desnz_lsoa_energy,Sub-national electricity and gas consumption (LSOA/MSOA),DESNZ,https://www.gov.uk/government/statistics/lower-and-middle-super-output-areas-electricity-consumption,2026-09-30T14:20:21.695011+00:00,c62e162260c5d4cd08ebfc3f21aa7275520887e3d5a357d48b7bb0cd622b776e,"5 LSOAs (area-weighted): E01028607 (44.3%), E01028608 (93.6%), E01028674 (2.1%), E01028675 (0.4%), E01028677 (0.1%)",area_weighted,parish_estimate,"Area-weighted sum across 5 LSOAs (polygon intersection, not NSUL address counts -- comparator-level address weights aren't built yet, see STATUS.md backlog). Assumes addresses are evenly distributed across each contributing LSOA's area, which can differ from the real address-count share."
E04008102,Aston Tirrold,comparator,gas,2024,19088.083180116377,kWh/meter/year,desnz_lsoa_energy,Sub-national electricity and gas consumption (LSOA/MSOA),DESNZ,https://www.gov.uk/government/statistics/lower-and-middle-super-output-areas-electricity-consumption,2026-09-30T14:20:21.695011+00:00,c62e162260c5d4cd08ebfc3f21aa7275520887e3d5a357d48b7bb0cd622b776e,1 LSOAs (area-weighted): E01028649 (31.7%),area_weighted,parish_estimate,"Area-weighted sum across 1 LSOAs (polygon intersection, not NSUL address counts -- comparator-level address weights aren't built yet, see STATUS.md backlog). Assumes addresses are evenly distributed across each contributing LSOA's area, which can differ from the real address-count share."
E04001147,Aldworth,comparator,gas,2024,20174.852016905214,kWh/meter/year,desnz_lsoa_energy,Sub-national electricity and gas consumption (LSOA/MSOA),DESNZ,https://www.gov.uk/government/statistics/lower-and-middle-super-output-areas-electricity-consumption,2026-09-30T14:20:21.695011+00:00,c62e162260c5d4cd08ebfc3f21aa7275520887e3d5a357d48b7bb0cd622b776e,1 LSOAs (area-weighted): E01016257 (40.8%),area_weighted,parish_estimate,"Area-weighted sum across 1 LSOAs (polygon intersection, not NSUL address counts -- comparator-level address weights aren't built yet, see STATUS.md backlog). Assumes addresses are evenly distributed across each contributing LSOA's area, which can differ from the real address-count share."
E04008118,Crowmarsh,comparator,gas,2024,10690.603676858787,kWh/meter/year,desnz_lsoa_energy,Sub-national electricity and gas consumption (LSOA/MSOA),DESNZ,https://www.gov.uk/government/statistics/lower-and-middle-super-output-areas-electricity-consumption,2026-09-30T14:20:21.695011+00:00,c62e162260c5d4cd08ebfc3f21aa7275520887e3d5a357d48b7bb0cd622b776e,"3 LSOAs (area-weighted): E01028677 (0.1%), E01035747 (100.0%), E01035748 (29.2%)",area_weighted,parish_estimate,"Area-weighted sum across 3 LSOAs (polygon intersection, not NSUL address counts -- comparator-level address weights aren't built yet, see STATUS.md backlog). Assumes addresses are evenly distributed across each contributing LSOA's area, which can differ from the real address-count share."
E04012494,South Moreton,comparator,gas,2024,18865.92472514473,kWh/meter/year,desnz_lsoa_energy,Sub-national electricity and gas consumption (LSOA/MSOA),DESNZ,https://www.gov.uk/government/statistics/lower-and-middle-super-output-areas-electricity-consumption,2026-09-30T14:20:21.695011+00:00,c62e162260c5d4cd08ebfc3f21aa7275520887e3d5a357d48b7bb0cd622b776e,"2 LSOAs (area-weighted): E01028628 (0.2%), E01028649 (20.4%)",area_weighted,parish_estimate,"Area-weighted sum across 2 LSOAs (polygon intersection, not NSUL address counts -- comparator-level address weights aren't built yet, see STATUS.md backlog). Assumes addresses are evenly distributed across each contributing LSOA's area, which can differ from the real address-count share."
E92000001,England,national,gas,2024,11390.602463308556,kWh/meter/year,desnz_regional_la_energy,Regional and local authority electricity/gas consumption statistics,DESNZ,https://www.gov.uk/government/statistics/regional-and-local-authority-electricity-consumption-statistics,2026-09-30T16:19:32.696463+00:00,192c5f81f953c9ab6b5c2dc4a3ca5ddccf5e98f53d39c0ce368c3c532b209cd3,DESNZ regional/local authority release (England),direct,none,
E07000179,South Oxfordshire,district,gas,2024,12439.929263202614,kWh/meter/year,desnz_regional_la_energy,Regional and local authority electricity/gas consumption statistics,DESNZ,https://www.gov.uk/government/statistics/regional-and-local-authority-electricity-consumption-statistics,2026-09-30T16:19:32.696463+00:00,192c5f81f953c9ab6b5c2dc4a3ca5ddccf5e98f53d39c0ce368c3c532b209cd3,DESNZ regional/local authority release (South Oxfordshire),direct,none,
