parish_code,parish_name,metric,value,source_id,source_url,vintage,retrieved_at,method,flag
E04012474,Cholsey,population_mid2021_estimate,4404,ons_parish_population_mid2021,https://www.ons.gov.uk/file?uri=/peoplepopulationandcommunity/populationandmigration/populationestimates/adhocs/2441parishpopulationestimatesformid2021basedonbestfittingofoutputareastoparishes/parishmid2021popestupdated.xlsx,"mid-2021 (30 June 2021), rebased to Census 2021, PAR22 (2022 parish edition) boundaries",2026-09-29T00:23:00Z,Downloaded the ONS 'Parish Populations' worksheet and read the 'Total' column for each of the 9 relevant GSS codes.,"This is a mid-year (30 June 2021) modelled estimate, not the Census Day (21 March 2021) headcount -- Cholsey's figure here (4404) differs from both spec §2's 4,498 and this project's own OA-best-fit Census Day computation (4390, see oa_census_counts_cholsey_area.json) by a few percent. All three are legitimate but different vintages/methods; see ADR-0005."
E04012496,Wallingford,population_mid2021_estimate,8606,ons_parish_population_mid2021,https://www.ons.gov.uk/file?uri=/peoplepopulationandcommunity/populationandmigration/populationestimates/adhocs/2441parishpopulationestimatesformid2021basedonbestfittingofoutputareastoparishes/parishmid2021popestupdated.xlsx,"mid-2021 (30 June 2021), rebased to Census 2021, PAR22 (2022 parish edition) boundaries",2026-09-29T00:23:00Z,Downloaded the ONS 'Parish Populations' worksheet and read the 'Total' column for each of the 9 relevant GSS codes.,
E04008148,Moulsford,population_mid2021_estimate,592,ons_parish_population_mid2021,https://www.ons.gov.uk/file?uri=/peoplepopulationandcommunity/populationandmigration/populationestimates/adhocs/2441parishpopulationestimatesformid2021basedonbestfittingofoutputareastoparishes/parishmid2021popestupdated.xlsx,"mid-2021 (30 June 2021), rebased to Census 2021, PAR22 (2022 parish edition) boundaries",2026-09-29T00:23:00Z,Downloaded the ONS 'Parish Populations' worksheet and read the 'Total' column for each of the 9 relevant GSS codes.,
E04008163,South Stoke,population_mid2021_estimate,539,ons_parish_population_mid2021,https://www.ons.gov.uk/file?uri=/peoplepopulationandcommunity/populationandmigration/populationestimates/adhocs/2441parishpopulationestimatesformid2021basedonbestfittingofoutputareastoparishes/parishmid2021popestupdated.xlsx,"mid-2021 (30 June 2021), rebased to Census 2021, PAR22 (2022 parish edition) boundaries",2026-09-29T00:23:00Z,Downloaded the ONS 'Parish Populations' worksheet and read the 'Total' column for each of the 9 relevant GSS codes.,
E04012473,Brightwell-cum-Sotwell,population_mid2021_estimate,1611,ons_parish_population_mid2021,https://www.ons.gov.uk/file?uri=/peoplepopulationandcommunity/populationandmigration/populationestimates/adhocs/2441parishpopulationestimatesformid2021basedonbestfittingofoutputareastoparishes/parishmid2021popestupdated.xlsx,"mid-2021 (30 June 2021), rebased to Census 2021, PAR22 (2022 parish edition) boundaries",2026-09-29T00:23:00Z,Downloaded the ONS 'Parish Populations' worksheet and read the 'Total' column for each of the 9 relevant GSS codes.,
E04008102,Aston Tirrold,population_mid2021_estimate,368,ons_parish_population_mid2021,https://www.ons.gov.uk/file?uri=/peoplepopulationandcommunity/populationandmigration/populationestimates/adhocs/2441parishpopulationestimatesformid2021basedonbestfittingofoutputareastoparishes/parishmid2021popestupdated.xlsx,"mid-2021 (30 June 2021), rebased to Census 2021, PAR22 (2022 parish edition) boundaries",2026-09-29T00:23:00Z,Downloaded the ONS 'Parish Populations' worksheet and read the 'Total' column for each of the 9 relevant GSS codes.,
E04001147,Aldworth,population_mid2021_estimate,283,ons_parish_population_mid2021,https://www.ons.gov.uk/file?uri=/peoplepopulationandcommunity/populationandmigration/populationestimates/adhocs/2441parishpopulationestimatesformid2021basedonbestfittingofoutputareastoparishes/parishmid2021popestupdated.xlsx,"mid-2021 (30 June 2021), rebased to Census 2021, PAR22 (2022 parish edition) boundaries",2026-09-29T00:23:00Z,Downloaded the ONS 'Parish Populations' worksheet and read the 'Total' column for each of the 9 relevant GSS codes.,
E04008118,Crowmarsh,population_mid2021_estimate,1719,ons_parish_population_mid2021,https://www.ons.gov.uk/file?uri=/peoplepopulationandcommunity/populationandmigration/populationestimates/adhocs/2441parishpopulationestimatesformid2021basedonbestfittingofoutputareastoparishes/parishmid2021popestupdated.xlsx,"mid-2021 (30 June 2021), rebased to Census 2021, PAR22 (2022 parish edition) boundaries",2026-09-29T00:23:00Z,Downloaded the ONS 'Parish Populations' worksheet and read the 'Total' column for each of the 9 relevant GSS codes.,
E04012494,South Moreton,population_mid2021_estimate,359,ons_parish_population_mid2021,https://www.ons.gov.uk/file?uri=/peoplepopulationandcommunity/populationandmigration/populationestimates/adhocs/2441parishpopulationestimatesformid2021basedonbestfittingofoutputareastoparishes/parishmid2021popestupdated.xlsx,"mid-2021 (30 June 2021), rebased to Census 2021, PAR22 (2022 parish edition) boundaries",2026-09-29T00:23:00Z,Downloaded the ONS 'Parish Populations' worksheet and read the 'Total' column for each of the 9 relevant GSS codes.,
E04012474,Cholsey,population_census_day_oa_bestfit,4390,ons_census2021_ts001_population,https://www.nomisweb.co.uk/api/v01/dataset/NM_2021_1.data.csv,"Census 2021, as at Census Day 21 March 2021",2026-09-29T01:25:00Z,"nomis API query filtered to the 15 relevant OA21CD codes (measures=20100, i.e. C2021_RESTYPE_3='Total: All usual residents'), summed per parish via the P1.4 OA->parish best-fit lookup.",
E04008148,Moulsford,population_census_day_oa_bestfit,590,ons_census2021_ts001_population,https://www.nomisweb.co.uk/api/v01/dataset/NM_2021_1.data.csv,"Census 2021, as at Census Day 21 March 2021",2026-09-29T01:25:00Z,"nomis API query filtered to the 15 relevant OA21CD codes (measures=20100, i.e. C2021_RESTYPE_3='Total: All usual residents'), summed per parish via the P1.4 OA->parish best-fit lookup.",
E04012474,Cholsey,households_census_day_oa_bestfit,1782,ons_census2021_ts041_households,https://www.nomisweb.co.uk/api/v01/dataset/NM_2059_1.data.csv,"Census 2021, as at Census Day 21 March 2021",2026-09-29T01:25:00Z,"nomis API query filtered to the 15 relevant OA21CD codes (measures=20100, 'Number of households'), summed per parish via the P1.4 OA->parish best-fit lookup.",Comparator-level household/dwelling counts not yet computed (would need each comparator's own OA->parish lookup) -- see ADR-0005 and STATUS.md backlog.
E04008148,Moulsford,households_census_day_oa_bestfit,204,ons_census2021_ts041_households,https://www.nomisweb.co.uk/api/v01/dataset/NM_2059_1.data.csv,"Census 2021, as at Census Day 21 March 2021",2026-09-29T01:25:00Z,"nomis API query filtered to the 15 relevant OA21CD codes (measures=20100, 'Number of households'), summed per parish via the P1.4 OA->parish best-fit lookup.",Comparator-level household/dwelling counts not yet computed (would need each comparator's own OA->parish lookup) -- see ADR-0005 and STATUS.md backlog.
