parish_code,parish_name,join_geography_type,join_geography_code,join_geography_name,weight_type,weight,numerator,denominator,source_id,source_url,vintage,retrieved_at,method,flag
E04012474,Cholsey,lsoa,E01028619,South Oxfordshire 015B,address_count,1.0,857,857,ons_nsul_uprn_lookup,https://www.arcgis.com/sharing/rest/content/items/9e5789e21a374f4c91dc4fac976003dc/data,National Statistics UPRN Lookup (January 2024),2026-09-28T22:20:00Z,"Downloaded the national NSUL_JAN_2024.zip, extracted Data/NSUL_JAN_2024_SE.csv, counted UPRN rows per OA21CD for exactly the 15 OAs relevant to Cholsey/Moulsford identified by P1.4 (see lsoa_overlap fixtures). NOT filtered to residential-only -- NSUL carries no property-type/classification field, so these are whole-address (all use classes) counts. A residential-only split would require AddressBase Premium (a paid OS/GeoPlace product), out of scope for this project -- see the P1.5 worklog entry and ADR-0004.",
E04012474,Cholsey,lsoa,E01035751,South Oxfordshire 015H,address_count,1.0,847,847,ons_nsul_uprn_lookup,https://www.arcgis.com/sharing/rest/content/items/9e5789e21a374f4c91dc4fac976003dc/data,National Statistics UPRN Lookup (January 2024),2026-09-28T22:20:00Z,"Downloaded the national NSUL_JAN_2024.zip, extracted Data/NSUL_JAN_2024_SE.csv, counted UPRN rows per OA21CD for exactly the 15 OAs relevant to Cholsey/Moulsford identified by P1.4 (see lsoa_overlap fixtures). NOT filtered to residential-only -- NSUL carries no property-type/classification field, so these are whole-address (all use classes) counts. A residential-only split would require AddressBase Premium (a paid OS/GeoPlace product), out of scope for this project -- see the P1.5 worklog entry and ADR-0004.",
E04012474,Cholsey,lsoa,E01035752,South Oxfordshire 015I,address_count,0.583234,487,835,ons_nsul_uprn_lookup,https://www.arcgis.com/sharing/rest/content/items/9e5789e21a374f4c91dc4fac976003dc/data,National Statistics UPRN Lookup (January 2024),2026-09-28T22:20:00Z,"Downloaded the national NSUL_JAN_2024.zip, extracted Data/NSUL_JAN_2024_SE.csv, counted UPRN rows per OA21CD for exactly the 15 OAs relevant to Cholsey/Moulsford identified by P1.4 (see lsoa_overlap fixtures). NOT filtered to residential-only -- NSUL carries no property-type/classification field, so these are whole-address (all use classes) counts. A residential-only split would require AddressBase Premium (a paid OS/GeoPlace product), out of scope for this project -- see the P1.5 worklog entry and ADR-0004.",
E04008148,Moulsford,lsoa,E01035752,South Oxfordshire 015I,address_count,0.416766,348,835,ons_nsul_uprn_lookup,https://www.arcgis.com/sharing/rest/content/items/9e5789e21a374f4c91dc4fac976003dc/data,National Statistics UPRN Lookup (January 2024),2026-09-28T22:20:00Z,"Downloaded the national NSUL_JAN_2024.zip, extracted Data/NSUL_JAN_2024_SE.csv, counted UPRN rows per OA21CD for exactly the 15 OAs relevant to Cholsey/Moulsford identified by P1.4 (see lsoa_overlap fixtures). NOT filtered to residential-only -- NSUL carries no property-type/classification field, so these are whole-address (all use classes) counts. A residential-only split would require AddressBase Premium (a paid OS/GeoPlace product), out of scope for this project -- see the P1.5 worklog entry and ADR-0004.",
E04012474,Cholsey,lsoa,E01028619,South Oxfordshire 015B,area_cross_check,1.0,,,"ons_boundaries_lsoa,ons_boundaries_parish_bfc",,LSOA Dec 2021 BFC / Parish Dec 2023 BFC,2026-09-28T22:27:08.449870+00:00,"Polygon intersection area (parish geometry ∩ LSOA geometry) / LSOA polygon area, both in EPSG:27700. A cross-check on the address_count weight above, not a substitute -- they can genuinely differ (see the P1.5 worklog entry).",
E04012474,Cholsey,lsoa,E01035751,South Oxfordshire 015H,area_cross_check,0.999482,,,"ons_boundaries_lsoa,ons_boundaries_parish_bfc",,LSOA Dec 2021 BFC / Parish Dec 2023 BFC,2026-09-28T22:27:08.449870+00:00,"Polygon intersection area (parish geometry ∩ LSOA geometry) / LSOA polygon area, both in EPSG:27700. A cross-check on the address_count weight above, not a substitute -- they can genuinely differ (see the P1.5 worklog entry).",
E04008148,Moulsford,lsoa,E01035751,South Oxfordshire 015H,area_cross_check,5.5e-05,,,"ons_boundaries_lsoa,ons_boundaries_parish_bfc",,LSOA Dec 2021 BFC / Parish Dec 2023 BFC,2026-09-28T22:27:08.449870+00:00,"Polygon intersection area (parish geometry ∩ LSOA geometry) / LSOA polygon area, both in EPSG:27700. A cross-check on the address_count weight above, not a substitute -- they can genuinely differ (see the P1.5 worklog entry).",
E04008148,Moulsford,lsoa,E01035752,South Oxfordshire 015I,area_cross_check,0.542206,,,"ons_boundaries_lsoa,ons_boundaries_parish_bfc",,LSOA Dec 2021 BFC / Parish Dec 2023 BFC,2026-09-28T22:27:08.449870+00:00,"Polygon intersection area (parish geometry ∩ LSOA geometry) / LSOA polygon area, both in EPSG:27700. A cross-check on the address_count weight above, not a substitute -- they can genuinely differ (see the P1.5 worklog entry).",
E04012474,Cholsey,lsoa,E01035752,South Oxfordshire 015I,area_cross_check,0.457324,,,"ons_boundaries_lsoa,ons_boundaries_parish_bfc",,LSOA Dec 2021 BFC / Parish Dec 2023 BFC,2026-09-28T22:27:08.449870+00:00,"Polygon intersection area (parish geometry ∩ LSOA geometry) / LSOA polygon area, both in EPSG:27700. A cross-check on the address_count weight above, not a substitute -- they can genuinely differ (see the P1.5 worklog entry).",
E04012474,Cholsey,ward,E05011701,Cholsey,area,1.0,,,"ons_boundaries_ward,ons_boundaries_parish_bfc",,Ward Dec 2020 BFC / Parish Dec 2023 BFC,2026-09-28T22:27:08.449870+00:00,"Polygon intersection area (parish geometry ∩ ward geometry) / parish polygon area, both in EPSG:27700. Used to combine ward-level canopy figures onto the parish (Phase 2, P2.3).","ward vintage (Dec 2020) is a working assumption, see Q-008"
