Month,MCS Certified Installations Total,Percentage Change,
Jan-09,0,
Feb-09,0,
Mar-09,0,
Apr-09,0,
May-09,0,
Jun-09,0,
Jul-09,0,
Aug-09,0,
Sep-09,0,
Oct-09,0,
Nov-09,0,
Dec-09,0,
Jan-10,1,
Feb-10,1,0.0000000,
Mar-10,0,-100.0000000,
Apr-10,1,
May-10,2,100.0000000,
Jun-10,0,-100.0000000,
Jul-10,1,
Aug-10,3,200.0000000,
Sep-10,0,-100.0000000,
Oct-10,6,
Nov-10,2,-66.6666667,
Dec-10,0,-100.0000000,
Jan-11,1,
Feb-11,0,-100.0000000,
Mar-11,3,
Apr-11,3,0.0000000,
May-11,2,-33.3333333,
Jun-11,3,50.0000000,
Jul-11,4,33.3333333,
Aug-11,1,-75.0000000,
Sep-11,3,200.0000000,
Oct-11,1,-66.6666667,
Nov-11,5,400.0000000,
Dec-11,6,20.0000000,
Jan-12,2,-66.6666667,
Feb-12,2,0.0000000,
Mar-12,8,300.0000000,
Apr-12,0,-100.0000000,
May-12,1,
Jun-12,12,1100.0000000,
Jul-12,1,-91.6666667,
Aug-12,0,-100.0000000,
Sep-12,2,
Oct-12,5,150.0000000,
Nov-12,0,-100.0000000,
Dec-12,2,
Jan-13,5,150.0000000,
Feb-13,2,-60.0000000,
Mar-13,1,-50.0000000,
Apr-13,0,-100.0000000,
May-13,1,
Jun-13,3,200.0000000,
Jul-13,0,-100.0000000,
Aug-13,0,
Sep-13,2,
Oct-13,6,200.0000000,
Nov-13,6,0.0000000,
Dec-13,1,-83.3333333,
Jan-14,2,100.0000000,
Feb-14,1,-50.0000000,
Mar-14,1,0.0000000,
Apr-14,1,0.0000000,
May-14,2,100.0000000,
Jun-14,2,0.0000000,
Jul-14,1,-50.0000000,
Aug-14,1,0.0000000,
Sep-14,3,200.0000000,
Oct-14,2,-33.3333333,
Nov-14,2,0.0000000,
Dec-14,11,450.0000000,
Jan-15,0,-100.0000000,
Feb-15,1,
Mar-15,8,700.0000000,
Apr-15,2,-75.0000000,
May-15,0,-100.0000000,
Jun-15,3,
Jul-15,0,-100.0000000,
Aug-15,3,
Sep-15,4,33.3333333,
Oct-15,4,0.0000000,
Nov-15,3,-25.0000000,
Dec-15,4,33.3333333,
Jan-16,3,-25.0000000,
Feb-16,1,-66.6666667,
Mar-16,2,100.0000000,
Apr-16,6,200.0000000,
May-16,2,-66.6666667,
Jun-16,2,0.0000000,
Jul-16,3,50.0000000,
Aug-16,2,-33.3333333,
Sep-16,6,200.0000000,
Oct-16,4,-33.3333333,
Nov-16,1,-75.0000000,
Dec-16,0,-100.0000000,
Jan-17,5,
Feb-17,4,-20.0000000,
Mar-17,1,-75.0000000,
Apr-17,2,100.0000000,
May-17,1,-50.0000000,
Jun-17,3,200.0000000,
Jul-17,3,0.0000000,
Aug-17,3,0.0000000,
Sep-17,4,33.3333333,
Oct-17,3,-25.0000000,
Nov-17,3,0.0000000,
Dec-17,5,66.6666667,
Jan-18,4,-20.0000000,
Feb-18,2,-50.0000000,
Mar-18,2,0.0000000,
Apr-18,0,-100.0000000,
May-18,6,
Jun-18,3,-50.0000000,
Jul-18,2,-33.3333333,
Aug-18,0,-100.0000000,
Sep-18,2,
Oct-18,1,-50.0000000,
Nov-18,5,400.0000000,
Dec-18,6,20.0000000,
Jan-19,5,-16.6666667,
Feb-19,3,-40.0000000,
Mar-19,4,33.3333333,
Apr-19,4,0.0000000,
May-19,3,-25.0000000,
Jun-19,2,-33.3333333,
Jul-19,5,150.0000000,
Aug-19,4,-20.0000000,
Sep-19,1,-75.0000000,
Oct-19,2,100.0000000,
Nov-19,5,150.0000000,
Dec-19,2,-60.0000000,
Jan-20,3,50.0000000,
Feb-20,3,0.0000000,
Mar-20,4,33.3333333,
Apr-20,4,0.0000000,
May-20,1,-75.0000000,
Jun-20,6,500.0000000,
Jul-20,10,66.6666667,
Aug-20,3,-70.0000000,
Sep-20,9,200.0000000,
Oct-20,8,-11.1111111,
Nov-20,6,-25.0000000,
Dec-20,1,-83.3333333,
Jan-21,9,800.0000000,
Feb-21,18,100.0000000,
Mar-21,7,-61.1111111,
Apr-21,25,257.1428571,
May-21,11,-56.0000000,
Jun-21,13,18.1818182,
Jul-21,6,-53.8461538,
Aug-21,13,116.6666667,
Sep-21,19,46.1538462,
Oct-21,9,-52.6315789,
Nov-21,26,188.8888889,
Dec-21,17,-34.6153846,
Jan-22,21,23.5294118,
Feb-22,25,19.0476190,
Mar-22,45,80.0000000,
Apr-22,1,-97.7777778,
May-22,11,1000.0000000,
Jun-22,24,118.1818182,
Jul-22,8,-66.6666667,
Aug-22,16,100.0000000,
Sep-22,8,-50.0000000,
Oct-22,13,62.5000000,
Nov-22,18,38.4615385,
Dec-22,16,-11.1111111,
Jan-23,7,-56.2500000,
Feb-23,11,57.1428571,
Mar-23,19,72.7272727,
Apr-23,12,-36.8421053,
May-23,8,-33.3333333,
Jun-23,16,100.0000000,
Jul-23,18,12.5000000,
Aug-23,11,-38.8888889,
Sep-23,9,-18.1818182,
Oct-23,14,55.5555556,
Nov-23,20,42.8571429,
Dec-23,11,-45.0000000,
Jan-24,18,63.6363636,
Feb-24,19,5.5555556,
Mar-24,25,31.5789474,
Apr-24,22,-12.0000000,
May-24,27,22.7272727,
Jun-24,14,-48.1481481,
Jul-24,20,42.8571429,
Aug-24,19,-5.0000000,
Sep-24,18,-5.2631579,
Oct-24,29,61.1111111,
Nov-24,23,-20.6896552,
Dec-24,19,-17.3913043,
Jan-25,30,57.8947368,
Feb-25,19,-36.6666667,
Mar-25,28,47.3684211,
Apr-25,26,-7.1428571,
May-25,29,11.5384615,
Jun-25,31,6.8965517,
Jul-25,22,-29.0322581,
Aug-25,21,-4.5454545,
Sep-25,24,14.2857143,
Oct-25,39,62.5000000,
Nov-25,31,-20.5128205,
Dec-25,28,-9.6774194,
Jan-26,22,-21.4285714,
Feb-26,23,4.5454545,
Mar-26,30,30.4347826,
Apr-26,16,-46.6666667,
May-26,22,37.5000000,
Jun-26,19,-13.6363636,
Jul-26,21,10.5263158,
Aug-26,21,0.0000000,
Sep-26,15,-28.5714286,
