Month,Average installation cost per kW (£),Average installation cost (£),Average installation cost per kW Percentage Change (%),Average installation cost Percentage Change (%),
Jan-19,"930","15,067",,,
Feb-19,"998","13,641",7.3175714,-9.4646057,
Mar-19,"837","9,212",-16.0997846,-32.4699278,
Apr-19,"709","8,159",-15.2809123,-11.4307425,
May-19,"860","13,479",21.2690985,65.2081137,
Jun-19,"1,007","10,576",17.0633906,-21.5428363,
Jul-19,"410","4,918",-59.3105571,-53.4981798,
Aug-19,"1,685","16,432",311.2317603,234.1280654,
Sep-19,"1,694","27,100",0.5007981,64.9246124,
Oct-19,"1,372","19,210",-18.9880443,-29.1143911,
Nov-19,"1,243","9,943",-9.4174064,-48.2384175,
Dec-19,"1,016","9,649",-18.2827535,-2.9607579,
Jan-20,"1,375","14,664",35.3556238,51.9777179,
Feb-20,"618","14,016",-55.0218944,-4.4211362,
Mar-20,"1,506","15,813",143.5433007,12.8174943,
Apr-20,"1,013","11,898",-32.7587237,-24.7541502,
May-20,"1,091","17,450",7.7027908,46.6602231,
Jun-20,"823","8,912",-24.5695109,-48.9273926,
Jul-20,"618","5,257",-24.8207036,-41.0132437,
Aug-20,"730","12,416",18.0865685,136.1740536,
Sep-20,"885","11,214",21.2246519,-9.6759982,
Oct-20,"665","9,233",-24.8413039,-17.6722996,
Nov-20,"1,284","17,548",92.9637366,90.0676956,
Dec-20,"2,417","14,500",88.2141745,-17.3695008,
Jan-21,"1,524","14,730",-36.9475352,1.5846897,
Feb-21,"1,148","9,990",-24.6900779,-32.1754296,
Mar-21,"1,509","15,309",31.5297808,53.2398570,
Apr-21,"1,317","11,324",-12.7622783,-26.0321021,
May-21,"1,515","10,190",15.0394155,-10.0114271,
Jun-21,"1,279","14,753",-15.5944467,44.7708451,
Jul-21,"1,652","10,465",29.2354620,-29.0642154,
Aug-21,"1,307","15,186",-20.8770592,45.1124385,
Sep-21,"1,478","15,561",13.0727103,2.4706024,
Oct-21,"1,118","12,665",-24.4045485,-18.6089538,
Nov-21,"1,390","11,732",24.3915098,-7.3645780,
Dec-21,"1,249","14,257",-10.1294871,21.5138658,
Jan-22,"1,657","15,387",32.6361373,7.9256681,
Feb-22,"1,389","11,447",-16.1616405,-25.6029304,
Mar-22,"1,294","13,808",-6.8204231,20.6209073,
Apr-22,"912","8,209",-29.5374133,-40.5473210,
May-22,"1,828","12,630",100.4155201,53.8544281,
Jun-22,"1,436","11,970",-21.4216552,-5.2233151,
Jul-22,"917","12,949",-36.1802258,8.1737079,
Aug-22,"1,408","9,682",53.6248800,-25.2266265,
Sep-22,"1,232","13,865",-12.4851773,43.2060334,
Oct-22,"1,335","10,987",8.3068285,-20.7600513,
Nov-22,"1,430","14,305",7.1640472,30.1992733,
Dec-22,"1,345","14,454",-6.0056344,1.0441185,
Jan-23,"1,073","9,960",-20.2278779,-31.0938997,
Feb-23,"1,600","14,397",49.1404065,44.5511282,
Mar-23,"1,099","12,492",-31.3112623,-13.2350357,
Apr-23,"1,240","9,297",12.8167091,-25.5721631,
May-23,"1,189","13,081",-4.0689561,40.6988088,
Jun-23,"1,126","12,176",-5.3069737,-6.9211964,
Jul-23,"1,189","13,147",5.6043976,7.9778248,
Aug-23,"1,225","14,032",3.0154979,6.7334190,
Sep-23,"1,222","14,932",-0.2759071,6.4080454,
Oct-23,"780","11,871",-36.1316886,-20.4963179,
Nov-23,"1,400","13,304",79.4799170,12.0692705,
Dec-23,"1,425","15,809",1.7816211,18.8264344,
Jan-24,"1,231","13,679",-13.6281360,-13.4708749,
Feb-24,"1,390","12,805",12.9249214,-6.3912567,
Mar-24,"1,722","12,742",23.8536070,-0.4921615,
Apr-24,"1,348","14,320",-21.6842350,12.3829436,
May-24,"1,660","14,943",23.1282629,4.3558723,
Jun-24,"1,515","14,283",-8.7661712,-4.4217928,
Jul-24,"1,364","12,210",-9.9398604,-14.5111150,
Aug-24,"1,374","13,959",0.7300768,14.3243830,
Sep-24,"1,654","13,872",20.3332848,-0.6228979,
Oct-24,"1,524","13,242",-7.8488407,-4.5444781,
Nov-24,"1,664","14,757",9.1873765,11.4479455,
Dec-24,"1,679","15,026",0.9339897,1.8192130,
Jan-25,"1,549","15,493",-7.7445709,3.1087552,
Feb-25,"1,592","14,575",2.7263750,-5.9240034,
Mar-25,"1,606","13,705",0.8865571,-5.9676465,
Apr-25,"1,590","14,191",-0.9547476,3.5401220,
May-25,"1,517","12,603",-4.6399175,-11.1880005,
Jun-25,"1,554","12,880",2.4483363,2.2014600,
Jul-25,"1,528","12,713",-1.6341952,-1.3039141,
Aug-25,"1,752","12,434",14.6668150,-2.1915438,
Sep-25,"1,721","15,488",-1.7986453,24.5640547,
Oct-25,"1,761","15,174",2.3429465,-2.0305821,
Nov-25,"1,740","16,180",-1.2167633,6.6327395,
Dec-25,"1,802","15,315",3.5584550,-5.3495343,
Jan-26,"1,737","18,081",-3.5893679,18.0645974,
Feb-26,"1,447","14,849",-16.6916133,-17.8779993,
Mar-26,"1,794","15,245",23.9382213,2.6692896,
Apr-26,"2,416","18,118",34.6950951,18.8481765,
May-26,"1,828","16,618",-24.3297168,-8.2780622,
Jun-26,"1,670","15,378",-8.6634720,-7.4621459,
Jul-26,"1,520","14,330",-8.9713413,-6.8162192,
Aug-26,"1,413","14,934",-7.0545971,4.2112058,
Sep-26,"1,739","14,608",23.1028429,-2.1828002,
